Timestamp,No_Trade_Persists,Opportunity_Mode_From,Opportunity_Mode_To,Scout_Days_Without_Expansion,Scout_Abort_Days,Scout_Reset_Triggered,Breakout_Active_Count,Market_State_From,Market_State_To,Risk_Overlay_From,Risk_Overlay_To,Trend_Gate_From,Trend_Gate_To,Trend_Status_From,Trend_Status_To,Topology_From,Topology_To,Trend_New_Unmet,Trend_Resolved_Unmet,Trend_Stay_Unmet,Breakout_1,Breakout_2,Breakout_3,Breakout_Summary
2026-09-23T02:55:32.299063156+09:00,true,NoTradeScout,NoTradeScout,2,3,false,1,NEWBORN,NEWBORN,NORMAL,NORMAL,false,false,Dispersed,Dispersed,FragmentedLeaders,FragmentedLeaders,"","","ContinuityThreshold","","","",""
2026-09-24T03:34:11.451800337+09:00,true,NoTradeScout,NoTradeCold,0,3,false,0,NEWBORN,NEWBORN,NORMAL,NORMAL,false,false,Dispersed,Dispersed,FragmentedLeaders,FragmentedLeaders,"","","ContinuityThreshold","U:EmergingBreakout->NoBreakout(risk+)","","",""
2026-09-25T03:35:35.593044810+09:00,true,NoTradeCold,NoTradeScout,0,3,false,2,NEWBORN,NEWBORN,NORMAL,NORMAL,false,false,Dispersed,Dispersed,FragmentedLeaders,FragmentedLeaders,"","","ContinuityThreshold","MSFT:NoBreakout->EmergingBreakout(risk+)","U:NoBreakout->EmergingBreakout(risk+)","",""
2026-09-26T03:51:12.230426728+09:00,false,NoTradeScout,Ready,0,3,false,0,NEWBORN,NEWBORN,NORMAL,NORMAL,false,true,Dispersed,Formed,FragmentedLeaders,FragmentedLeaders,"","ContinuityThreshold","","MSFT:EmergingBreakout->NoBreakout(risk+)","U:EmergingBreakout->NoBreakout","",""
2026-09-29T05:43:15.546689466+09:00,false,Ready,Ready,0,3,false,0,NEWBORN,NEWBORN,NORMAL,NORMAL,true,true,Formed,Formed,FragmentedLeaders,FragmentedLeaders,"","","","","","",""
2026-09-30T04:35:23.971890306+09:00,false,Ready,Ready,0,3,false,0,NEWBORN,NEWBORN,NORMAL,NORMAL,true,true,Formed,Formed,FragmentedLeaders,FragmentedLeaders,"","","","U:NoBreakout(risk+)","","",""
2026-10-01T04:35:58.711217594+09:00,false,Ready,Ready,0,3,false,0,NEWBORN,NEWBORN,NORMAL,NORMAL,true,true,Formed,Formed,FragmentedLeaders,FragmentedLeaders,"","","","","","",""
2026-10-02T04:44:07.039030381+09:00,false,Ready,Ready,0,3,false,1,NEWBORN,NEWBORN,NORMAL,NORMAL,true,true,Formed,Formed,FragmentedLeaders,FragmentedLeaders,"","","","U:NoBreakout->EmergingBreakout","SPCX:NoBreakout(risk+)","FIG:NoBreakout(risk+)",""
2026-10-03T04:30:09.268296325+09:00,false,Ready,Ready,0,3,false,1,NEWBORN,NEWBORN,NORMAL,NORMAL,true,true,Formed,Formed,FragmentedLeaders,FragmentedLeaders,"","","","","","",""
2026-10-06T06:37:43.977742233+09:00,false,Ready,Ready,0,3,false,0,NEWBORN,NEWBORN,NORMAL,NORMAL,true,true,Formed,Formed,FragmentedLeaders,FragmentedLeaders,"","","","U:EmergingBreakout->NoBreakout","","",""
2026-10-08T05:07:25.409577941+09:00,false,Ready,Ready,0,3,false,1,NEWBORN,NEWBORN,NORMAL,NORMAL,true,true,Formed,Formed,FragmentedLeaders,FragmentedLeaders,"","","","U:NoBreakout->EmergingBreakout","TSLA:NoBreakout(risk+)","",""
