Date,PotentialEnergy,Forward5dPct,Forward20dPct,Forward60dPct
2015-05-08,2.48,0.39,-1.48,-1.06
2015-05-11,2.61,1.18,-1.03,-0.26
2015-05-12,2.15,1.45,0.46,-0.78
2015-07-17,2.82,-2.11,-1.44,-5.16
2015-07-20,2.61,-2.73,-0.94,-5.80
2015-07-21,2.28,-1.14,-0.84,-5.88
2015-07-22,2.07,-0.28,-1.44,-4.27
2016-01-13,2.18,-1.13,-3.16,8.04
2016-01-15,2.25,-0.09,1.05,10.75
2016-01-19,2.17,1.14,2.56,10.61
2016-01-20,2.39,1.34,3.47,11.92
2016-01-21,2.22,1.30,2.84,12.08
2016-01-25,2.06,3.20,2.49,11.97
2016-02-08,2.20,2.35,7.00,10.57
2016-02-09,2.14,4.02,7.52,10.54
2016-02-10,2.10,3.68,7.70,11.04
2016-02-11,2.25,5.00,10.88,12.59
2016-12-09,2.07,-0.65,-0.02,4.57
2016-12-12,2.02,-0.32,0.38,5.06
2016-12-13,2.19,-0.60,-0.54,4.41
2016-12-15,2.07,-0.63,-0.25,5.35
2017-01-25,2.20,-0.85,2.99,2.19
2017-01-26,2.14,-0.68,3.23,3.42
2017-01-27,2.08,0.16,3.56,4.18
2017-02-10,2.02,1.55,2.72,3.43
2017-02-13,2.14,1.60,1.77,3.05
2017-02-14,2.19,1.10,2.25,2.43
2017-02-15,2.26,0.65,1.52,1.73
2017-02-16,2.17,0.86,0.98,2.38
2017-02-17,2.19,0.86,0.71,2.12
2017-02-21,2.33,-0.01,-1.17,-0.28
2017-02-22,2.25,1.48,-0.85,0.21
2017-02-23,2.17,0.77,-1.02,0.79
2017-02-24,2.14,0.71,-1.22,1.17
2017-02-27,2.07,0.25,-1.47,1.24
2017-03-01,2.31,-1.34,-1.77,0.83
2017-03-02,2.14,-0.59,-0.83,1.44
2017-03-03,2.13,-0.31,-1.12,1.29
2017-03-06,2.04,0.04,-1.00,1.57
2017-10-20,2.01,0.23,0.29,8.57
2017-10-27,2.25,0.29,0.98,9.93
2017-10-30,2.12,0.82,2.38,11.62
2017-10-31,2.07,0.59,2.16,10.71
2017-11-01,2.12,0.63,2.92,9.43
2017-11-02,2.18,0.23,2.67,9.44
2017-11-03,2.23,-0.14,2.20,8.95
2017-11-06,2.24,-0.20,1.68,6.41
2017-11-07,2.19,-0.36,1.77,2.03
2017-11-08,2.21,-1.03,1.91,3.87
2017-11-09,2.04,0.17,2.84,3.68
2017-11-10,2.04,-0.09,3.18,-0.18
2017-11-21,2.00,1.05,2.71,4.39
2017-11-28,2.16,0.12,1.69,5.72
2017-11-29,2.01,0.20,1.96,4.46
2017-11-30,2.21,-0.35,0.70,2.51
2017-12-01,2.09,0.40,1.63,1.23
2017-12-08,2.04,0.38,3.40,3.24
2017-12-11,2.03,0.71,2.93,4.72
2017-12-12,2.03,0.15,3.50,4.40
2017-12-13,2.01,0.10,4.19,3.74
2017-12-18,2.04,-0.38,4.08,2.24
2018-01-03,2.06,1.35,4.11,-4.81
2018-01-04,2.14,1.66,1.41,-3.99
2018-01-05,2.27,1.65,-3.47,-3.61
2018-01-08,2.24,1.11,-1.75,-3.02
2018-01-09,2.25,1.85,-2.50,-5.40
2018-01-10,2.17,1.83,-6.02,-4.79
2018-01-11,2.27,1.55,-5.29,-3.97
2018-01-12,2.36,1.72,-4.53,-5.09
2018-01-16,2.22,2.28,-3.96,-3.99
2018-01-17,2.43,1.28,-3.58,-5.17
2018-01-18,2.33,1.49,-2.19,-4.23
2018-01-19,2.42,2.20,-2.60,-3.64
2018-01-22,2.57,0.70,-3.99,-4.35
2018-01-23,2.59,-0.54,-4.67,-5.08
2018-01-24,2.47,-0.45,-4.51,-5.85
2018-01-25,2.41,-0.61,-3.03,-5.91
2018-01-26,2.61,-3.88,-3.03,-8.24
2018-01-29,2.48,-7.29,-3.60,-7.39
2018-01-30,2.20,-4.48,-3.59,-5.48
2018-01-31,2.24,-5.05,-5.04,-5.44
2018-02-01,2.13,-8.51,-4.44,-6.06
2018-08-27,2.05,0.01,0.33,-8.85
2018-08-29,2.18,-1.14,-0.27,-9.69
2018-08-30,2.03,-0.93,0.14,-7.85
2018-12-17,2.00,-8.23,2.20,10.16
2018-12-19,2.21,-1.27,6.05,12.39
2018-12-20,2.49,0.23,6.35,13.91
2018-12-21,2.98,3.83,9.43,18.29
2018-12-24,3.42,6.76,12.46,19.16
2018-12-26,2.32,-0.80,7.96,13.35
2018-12-27,2.11,1.74,6.32,13.32
2018-12-28,2.14,2.68,6.32,12.88
2019-01-03,2.34,6.01,10.59,17.04
2019-11-04,2.02,0.32,0.71,4.67
2019-11-07,2.05,0.44,2.17,8.01
2019-11-08,2.11,0.92,1.60,8.11
2019-11-11,2.05,1.19,1.68,7.73
2019-11-12,2.11,0.95,1.75,8.31
2019-11-13,2.08,0.54,2.60,8.46
2019-11-14,2.12,0.23,2.51,9.00
2019-11-15,2.29,-0.27,2.47,8.10
2019-11-18,2.30,0.43,2.42,8.20
2019-11-19,2.24,0.69,2.46,7.95
2019-11-20,2.11,1.52,3.26,8.87
2019-11-21,2.04,1.30,3.37,8.60
2019-11-22,2.04,0.22,3.30,7.24
2019-11-25,2.29,-1.22,2.51,2.89
2019-11-26,2.29,-0.83,2.82,-0.46
2019-11-27,2.36,-1.10,2.34,-1.26
2019-11-29,2.20,0.18,2.15,-5.35
2019-12-06,2.13,0.78,2.50,-3.94
2019-12-09,2.02,1.79,3.37,-5.23
2019-12-11,2.04,1.64,3.59,-8.27
2019-12-12,2.26,1.19,3.41,-13.49
2019-12-13,2.25,1.07,3.19,-21.81
2019-12-16,2.42,0.54,2.72,-15.71
2019-12-17,2.37,0.52,3.55,-24.95
2019-12-18,2.35,1.05,3.87,-20.90
2019-12-19,2.45,0.61,3.24,-25.21
2019-12-20,2.42,0.11,3.31,-25.01
2019-12-23,2.42,0.20,3.27,-28.77
2019-12-24,2.37,1.13,2.35,-30.59
2019-12-26,2.47,-0.16,0.17,-24.71
2019-12-27,2.40,0.24,1.25,-23.56
2019-12-30,2.17,0.51,1.73,-18.65
2019-12-31,2.19,0.80,1.81,-21.26
2020-01-02,2.43,0.55,-0.97,-19.46
2020-01-03,2.20,1.02,0.53,-20.06
2020-01-06,2.28,1.33,1.67,-23.94
2020-01-07,2.20,1.46,3.14,-21.97
2020-01-08,2.32,1.15,2.94,-23.50
2020-01-09,2.44,1.31,1.70,-18.92
2020-01-10,2.34,1.92,2.75,-18.60
2020-01-13,2.52,1.02,2.23,-16.44
2020-01-14,2.41,1.19,3.04,-15.04
2020-01-15,2.39,1.08,2.70,-16.01
2020-01-16,2.53,-0.65,2.02,-14.24
2020-01-17,2.56,-2.55,1.44,-16.32
2020-01-21,2.48,-1.33,2.12,-15.76
2020-01-22,2.45,-1.42,1.69,-13.49
2020-01-23,2.43,-1.22,0.53,-15.11
2020-01-24,2.17,-2.14,-1.93,-16.95
2020-01-30,2.04,1.92,-9.59,-12.40
2020-02-04,2.17,1.88,-4.92,-11.72
2020-02-05,2.24,1.37,-9.13,-15.04
2020-02-06,2.31,0.92,-10.93,-15.09
2020-02-07,2.16,1.63,-17.45,-13.85
2020-02-10,2.34,0.61,-13.82,-15.07
2020-02-11,2.31,0.92,-18.17,-14.19
2020-02-12,2.38,-0.14,-26.47,-13.33
2020-02-13,2.31,-1.06,-20.10,-13.22
2020-02-14,2.36,-4.50,-28.95,-15.09
2020-02-18,2.32,-7.15,-24.93,-16.37
2020-02-19,2.41,-7.93,-29.07,-15.77
2020-02-20,2.23,-11.71,-28.62,-15.04
2020-03-12,2.97,-3.06,12.13,30.26
2020-03-16,3.29,-7.05,18.32,33.00
2020-03-17,2.53,-3.82,9.87,18.91
2020-03-18,3.10,2.83,16.29,26.75
2020-03-19,2.91,8.60,19.18,27.67
2020-03-20,3.33,10.76,23.07,36.78
2020-03-23,3.39,17.36,22.47,39.79
2020-03-24,2.36,6.00,14.79,28.23
2020-03-25,2.24,-0.26,13.08,25.06
2020-04-01,2.07,11.33,18.01,21.90
2021-02-08,2.07,0.46,-0.86,6.46
2021-11-04,2.12,-0.67,-2.89,-2.99
2021-11-05,2.08,-0.27,-2.08,-2.39
2021-11-08,2.13,-0.32,-0.14,-4.76
2021-11-09,2.00,0.41,0.46,-4.00
2021-11-12,2.01,0.35,-0.15,-2.08
2021-11-18,2.02,-2.29,-2.10,-5.03
2022-04-26,2.15,0.07,-5.34,-5.05
2022-04-27,2.11,2.83,-4.77,-5.20
2022-04-29,2.30,-0.16,0.79,-2.66
2022-05-02,2.04,-3.94,-0.37,-2.03
2022-05-05,2.10,-5.19,-0.79,-1.39
2022-05-06,2.23,-2.34,0.11,0.76
2022-05-09,2.93,0.48,4.41,4.02
2022-05-10,2.76,2.31,3.04,3.60
2022-05-11,3.06,-0.23,2.21,5.15
2022-05-12,2.96,-0.73,-0.65,4.85
2022-05-13,2.40,-3.01,-6.65,4.55
2022-05-16,2.45,-0.79,-6.55,4.97
2022-05-17,2.03,-3.53,-7.13,4.60
2022-05-18,2.67,1.41,-6.43,9.44
2022-05-19,2.66,4.07,-6.06,10.33
2022-05-20,2.63,6.58,-3.74,9.50
2022-05-23,2.28,4.03,-5.68,7.80
2022-05-24,2.42,3.99,-4.02,7.17
2022-05-25,2.20,5.04,-1.83,4.02
2022-06-10,2.09,-6.14,-2.30,2.05
2022-06-13,2.57,0.02,1.02,6.77
2022-06-14,2.51,0.14,1.08,8.75
2022-06-15,2.23,-0.30,1.56,8.38
2022-06-16,2.59,6.39,4.17,7.21
2022-06-17,2.50,6.21,7.22,7.86
2022-06-21,2.11,1.49,5.25,4.01
2022-06-22,2.08,1.59,6.52,2.98
2023-06-02,2.02,0.46,3.71,4.96
2023-06-05,2.15,1.57,3.75,5.60
2023-06-06,2.13,2.02,2.72,5.21
2023-06-08,2.06,3.14,2.45,4.69
2023-06-09,2.06,2.22,2.92,3.80
2023-06-12,2.21,0.78,2.82,2.55
2023-06-13,2.36,-0.39,2.95,2.03
2023-06-14,2.38,-0.15,2.77,2.58
2023-06-15,2.54,-2.12,1.86,0.77
2023-06-16,2.35,-1.82,3.35,1.60
2023-06-20,2.18,-0.23,4.12,3.01
2023-06-30,2.06,-0.82,3.27,-3.93
2023-07-03,2.06,-0.30,2.86,-4.00
2023-07-13,2.10,0.58,-0.81,-4.45
2023-07-14,2.03,0.65,-0.81,-3.78
2023-07-17,2.10,0.75,-0.61,-3.62
2023-07-18,2.21,0.28,-2.49,-3.93
2023-07-19,2.18,0.07,-3.42,-4.73
2023-07-31,2.00,-1.55,-3.28,-7.46
2024-01-23,2.00,1.24,2.55,3.02
2024-01-24,2.04,-0.52,4.56,2.01
2024-01-25,2.21,0.24,4.06,2.40
2024-01-26,2.14,1.42,3.81,3.74
2024-01-29,2.21,0.26,3.19,2.88
2024-01-30,2.13,0.63,3.13,2.57
2024-02-02,2.07,1.39,3.63,1.54
2024-02-05,2.05,1.71,2.97,1.58
2024-02-06,2.14,0.02,3.19,2.24
2024-02-07,2.30,0.09,3.35,2.65
2024-02-08,2.25,0.74,2.69,3.66
2024-02-09,2.31,-0.34,2.01,3.18
2024-02-12,2.25,-0.84,3.15,3.24
2024-02-14,2.07,1.79,3.29,4.47
2024-02-15,2.04,1.16,1.56,3.76
2024-02-22,2.14,0.11,2.90,4.33
2024-02-23,2.10,0.98,2.63,4.37
2024-03-01,2.06,-0.22,1.82,3.31
2024-03-04,2.11,-0.20,1.28,2.69
2024-03-06,2.04,1.22,0.65,3.46
2024-03-07,2.11,0.03,0.70,2.52
2024-03-12,2.02,-0.21,-0.51,3.46
2024-07-10,2.04,-0.78,-7.60,1.16
2024-11-11,2.03,-1.77,0.67,
